<?xml version="1.0"?>
<!DOCTYPE hibernate-mapping PUBLIC
		"-//Hibernate/Hibernate Mapping DTD 3.0//EN"
		"http://hibernate.sourceforge.net/hibernate-mapping-3.0.dtd">

<hibernate-mapping package="com.tssa.km.domain.hibernate">

	<class name="QuestionExt" table="kmp_questions_question">

		<id name="id" column="id" type="long" unsaved-value="null">
			<generator class="native" />
		</id>

		<version
			name="version"
			column="version"
			type="integer"
			/>
			
		<property
			name="qNo"
			access="field"
			not-null="true"
			/>

   		<property
			name="text"
			access="field"
			not-null="true"
			/>

		<bag
			name="questionOptions"
			cascade="all"
			inverse="true"
			lazy="false"
			>
			<key column="question_id" />
			<one-to-many class="QuestionOption" not-found="ignore"/>
		</bag>
		<many-to-one 
			name="questionCategory"
			class="QuestionCategory" 
			access="field" 
			column="category_id" 
			update="false" 
			lazy="false"
			/>
		<many-to-one 
			name="questionType"
			class="QuestionType" 
			access="field" 
			column="type_id" 
			update="false" 
			lazy="false"
			/>
		<set
			name="questionAnswers"
			access="field"
			inverse="true"
			outer-join="true"
			lazy="false"
			>
			<key
				column="question_id"
				/>
			<one-to-many
				class="QuestionAnswer"
				/>
		</set>
		
		<property
			name="createdTs"
			access="field"
			type="timestamp"
			update="false"
			/>

	</class>

	<query name="question.listAll">
		from QuestionExt
	</query>
	
</hibernate-mapping>